﻿MA - HOSP. DR. CARLOS MACIEIRA;MA - CLÍNICA DO IDOSO;63568984000121;RECOPREL COMERCIAL LTDA EPP;SERVIÇO DE TERCEIRO PESSOA JURIDICA;SERVIÇO DE MANIPULAÇÃO DE MEDICAMENTO;N.F/DANFE;202;;06/05/2025;17524;1;396,20;;0,00
MA - HOSP. DR. CARLOS MACIEIRA;MA - CLÍNICA DO IDOSO;63568984000121;RECOPREL COMERCIAL LTDA EPP;SERVIÇO DE TERCEIRO PESSOA JURIDICA;SERVIÇO DE MANIPULAÇÃO DE MEDICAMENTO;N.F/DANFE;202;;08/05/2025;17531;1;564,97;;0,00
MA - HOSP. DR. CARLOS MACIEIRA;MA - CLÍNICA DO IDOSO;05750146000178;SINDICATO DAS EMPRESAS DE TRANSPORTE DE PASSAGEIROS DE SAO LUIS;SERVIÇO DE TERCEIRO PESSOA JURIDICA;SERVIÇO DE TRANSPORTE;N.F/DANFE;145;;08/05/2025;181797;1;7.031,60;08/05/2025;7.031,60
MA - HOSP. DR. CARLOS MACIEIRA;MA - CLÍNICA DO IDOSO;32019738000197;C C SILVA E SILVA SERVICOS ESPECIALIZADOS;SERVIÇO DE TERCEIRO PESSOA JURIDICA;SERVIÇO DE  LOCAÇÃO AR CONDICIONADO;N.F/DANFE;269;;13/05/2025;1872;1;760,43;11/08/2025;722,41
MA - HOSP. DR. CARLOS MACIEIRA;MA - CLÍNICA DO IDOSO;63568984000121;RECOPREL COMERCIAL LTDA EPP;SERVIÇO DE TERCEIRO PESSOA JURIDICA;SERVIÇO DE ESTERILIZAÇÃO E HIGIENIZAÇÃO;N.F/DANFE;TESTE DE CONFERENCIA;;15/05/2025;17638;1;744,74;;0,00
MA - HOSP. DR. CARLOS MACIEIRA;MA - CLÍNICA DO IDOSO;63568984000121;RECOPREL COMERCIAL LTDA EPP;SERVIÇO DE TERCEIRO PESSOA JURIDICA;SERVIÇO DE ESTERILIZAÇÃO E HIGIENIZAÇÃO;N.F/DANFE;20000000000000000000000000;;15/05/2025;17641;1;885,30;;0,00
MA - HOSP. DR. CARLOS MACIEIRA;MA - CLÍNICA DO IDOSO;10352227000150;SUPER GAMES COMERCIAL LTDA;SERVIÇO DE TERCEIRO PESSOA JURIDICA;SERVIÇO DE ABASTECIMENTO DE COMBUSTÍVEL;N.F/DANFE;135;;26/05/2025;705;1;241,76;05/06/2025;241,76
MA - HOSP. DR. CARLOS MACIEIRA;MA - CLÍNICA DO IDOSO;36701903000147;JBA CUTRIM;SERVIÇO DE TERCEIRO PESSOA JURIDICA;SERVIÇO DE MANIPULAÇÃO DE MEDICAMENTO;N.F/DANFE;174;;27/05/2025;3444;1;236,00;;0,00
MA - HOSP. DR. CARLOS MACIEIRA;MA - CLÍNICA DO IDOSO;11775277000102;MARD COMERCIO LTDA (SANTOS E ALMEIDA 22062021);SERVIÇO DE TERCEIRO PESSOA JURIDICA;SERVIÇO DE GESTÃO DE CUSTOS;N.F/DANFE;156;;27/05/2025;2255;1;995,68;10/06/2025;995,68
MA - HOSP. DR. CARLOS MACIEIRA;MA - CLÍNICA DO IDOSO;01265846000116;V L R LIMA COMERCIO EIRELI  EPP;SERVIÇO DE TERCEIRO PESSOA JURIDICA;SERVIÇO DE MANIPULAÇÃO DE MEDICAMENTO;N.F/DANFE;A definir;;28/05/2025;14537;1;210,00;;0,00
MA - HOSP. DR. CARLOS MACIEIRA;MA - CLÍNICA DO IDOSO;36701903000147;JBA CUTRIM;SERVIÇO DE TERCEIRO PESSOA JURIDICA;SERVIÇO DE INFORMÁTICA;N.F/DANFE;A definir;;29/05/2025;3451;1;8.187,00;;0,00
MA - HOSP. DR. CARLOS MACIEIRA;MA - CLÍNICA DO IDOSO;36701903000147;JBA CUTRIM;SERVIÇO DE TERCEIRO PESSOA JURIDICA;SERVIÇO DE GESTÃO DE CUSTOS;N.F/DANFE;A definir;;30/05/2025;3469;1;690,65;;0,00
MA - HOSP. DR. CARLOS MACIEIRA;MA - CLÍNICA DO IDOSO;32879596000138;C E E GESTAO AMBIENTAL LTDA;SERVIÇO DE TERCEIRO PESSOA JURIDICA;SERVIÇO DE COLETA DE LIXO RECICLÁVEL;N.F/DANFE;A definir;;01/06/2025;4223;1;420,00;;0,00
MA - HOSP. DR. CARLOS MACIEIRA;MA - CLÍNICA DO IDOSO;32019738000197;C C SILVA E SILVA SERVICOS ESPECIALIZADOS;SERVIÇO DE TERCEIRO PESSOA JURIDICA;SERVIÇO DE  LOCAÇÃO AR CONDICIONADO;N.F/DANFE;269;;02/06/2025;1880;1;6.800,00;11/08/2025;6.460,00
MA - HOSP. DR. CARLOS MACIEIRA;MA - CLÍNICA DO IDOSO;32019738000197;C C SILVA E SILVA SERVICOS ESPECIALIZADOS;SERVIÇO DE TERCEIRO PESSOA JURIDICA;SERVIÇO DE CONTROLE DE PRAGAS;N.F/DANFE;199;;02/06/2025;1881;1;500,00;11/08/2025;475,00
MA - HOSP. DR. CARLOS MACIEIRA;MA - CLÍNICA DO IDOSO;17060950000104;DEMMIS C SOUZA SERVICOS MEDICOS;SERVIÇO DE TERCEIRO PESSOA JURIDICA;SERVIÇO DE MEDICO ASSISTÊNCIAL;N.F/DANFE;209;;02/06/2025;538;1;48.125,00;22/07/2025;42.759,06
MA - HOSP. DR. CARLOS MACIEIRA;MA - CLÍNICA DO IDOSO;01249541000110;EXAMINAR SERVICOS DE NEUROFISIOLOGIA CLINICA LTDA;SERVIÇO DE TERCEIRO PESSOA JURIDICA;SERVIÇO DE MEDICO ASSISTÊNCIAL;N.F/DANFE;193;;02/06/2025;3879;1;20.000,00;22/07/2025;19.210,00
MA - HOSP. DR. CARLOS MACIEIRA;MA - CLÍNICA DO IDOSO;05832015000130;IDHS INSTITUTO DO DESENVOLVIMENTO HUMANO E SOCIAL;SERVIÇO DE TERCEIRO PESSOA JURIDICA;SERVIÇO DE APOIO ADMINISTRATIVO;N.F/DANFE;187;;02/06/2025;473;1;6.100,00;26/06/2025;6.100,00
MA - HOSP. DR. CARLOS MACIEIRA;MA - CLÍNICA DO IDOSO;34659913000136;LAVARE GESTAO TEXTIL EIRELI;SERVIÇO DE TERCEIRO PESSOA JURIDICA;SERVIÇO DE HIGIENIZAÇÃO DE ENXOVAL LOCADO;N.F/DANFE;134;;02/06/2025;981;1;5.200,00;24/07/2025;5.200,00
MA - HOSP. DR. CARLOS MACIEIRA;MA - CLÍNICA DO IDOSO;29544048000142;MSI COMERCIO DE MATERIAIS E EQUIPAMENTOS HOSPITALARES EIRELI;SERVIÇO DE TERCEIRO PESSOA JURIDICA;SERVIÇO DE ENGENHARIA CLINICA;N.F/DANFE;122;;02/06/2025;171;1;14.710,00;;0,00
MA - HOSP. DR. CARLOS MACIEIRA;MA - CLÍNICA DO IDOSO;29544048000142;MSI COMERCIO DE MATERIAIS E EQUIPAMENTOS HOSPITALARES EIRELI;SERVIÇO DE TERCEIRO PESSOA JURIDICA;SERVIÇO DE ENGENHARIA HOSPITALAR;N.F/DANFE;122;;02/06/2025;1819;1;5.400,00;;0,00
MA - HOSP. DR. CARLOS MACIEIRA;MA - CLÍNICA DO IDOSO;02436779000118;PROINDDY SERVICOS E COMERCIO EIRELI ME;SERVIÇO DE TERCEIRO PESSOA JURIDICA;SERVIÇO DE LICENÇA SOFTWARE;N.F/DANFE;208;;02/06/2025;31200;1;270,00;;0,00
MA - HOSP. DR. CARLOS MACIEIRA;MA - CLÍNICA DO IDOSO;10867863000114;R2 TECNOLOGIA EM GESTAO EIRELI;SERVIÇO DE TERCEIRO PESSOA JURIDICA;SERVIÇO DE IMPRESSÃO_COPIAS_E_DIGITALIZAÇÃO;N.F/DANFE;A definir;;02/06/2025;2012;1;13.790,00;18/07/2025;13.790,00
MA - HOSP. DR. CARLOS MACIEIRA;MA - CLÍNICA DO IDOSO;25405921000246;RIBEIRO E RIBEIRO SERVICOS MEDICOS LTDA;SERVIÇO DE TERCEIRO PESSOA JURIDICA;SERVIÇO DE MEDICO ASSISTÊNCIAL;N.F/DANFE;271;;02/06/2025;819;1;60.000,00;26/06/2025;53.310,00
MA - HOSP. DR. CARLOS MACIEIRA;MA - CLÍNICA DO IDOSO;25405921000246;RIBEIRO E RIBEIRO SERVICOS MEDICOS LTDA;SERVIÇO DE TERCEIRO PESSOA JURIDICA;SERVIÇO DE MEDICO ASSISTÊNCIAL;N.F/DANFE;271;;02/06/2025;820;1;10.000,00;26/06/2025;8.885,00
MA - HOSP. DR. CARLOS MACIEIRA;MA - CLÍNICA DO IDOSO;25405921000246;RIBEIRO E RIBEIRO SERVICOS MEDICOS LTDA;SERVIÇO DE TERCEIRO PESSOA JURIDICA;SERVIÇO DE MEDICO ASSISTÊNCIAL;N.F/DANFE;271;;02/06/2025;821;1;20.000,00;26/06/2025;17.770,00
MA - HOSP. DR. CARLOS MACIEIRA;MA - CLÍNICA DO IDOSO;26133245000180;SUPORTE SERVICOS HOSPITALARES LTDA;SERVIÇO DE TERCEIRO PESSOA JURIDICA;SERVIÇO DE MEDICO ASSISTÊNCIAL;N.F/DANFE;275;;02/06/2025;910;1;10.000,00;22/07/2025;8.885,00
MA - HOSP. DR. CARLOS MACIEIRA;MA - CLÍNICA DO IDOSO;04069709000102;BIONEXO S A (BIONEXO DO BRASIL SOLUCOES DIGITAIS EIRELI);SERVIÇO DE TERCEIRO PESSOA JURIDICA;SERVIÇO DE LICENÇA SOFTWARE;N.F/DANFE;208;;03/06/2025;565379;1;2.587,87;;0,00
MA - HOSP. DR. CARLOS MACIEIRA;MA - CLÍNICA DO IDOSO;06019070000178;CLASI SEGURANCA PRIVADA LTDA;SERVIÇO DE TERCEIRO PESSOA JURIDICA;SERVIÇO DE VIGILÂNCIA PATRIMONIAL;N.F/DANFE;128;;03/06/2025;30689;1;37.982,32;26/06/2025;29.759,14
MA - HOSP. DR. CARLOS MACIEIRA;MA - CLÍNICA DO IDOSO;15024270000100;F A GAMA SERVICOS MEDICOS  ME;SERVIÇO DE TERCEIRO PESSOA JURIDICA;SERVIÇO DE ASSESSORIA MEDICA;N.F/DANFE;A definir;;03/06/2025;6632;1;663,70;;0,00
MA - HOSP. DR. CARLOS MACIEIRA;MA - CLÍNICA DO IDOSO;53689402000101;P R SISTEMAS SOLUCOES INFORM EM SAUDE E EDUCACAO LTDA;SERVIÇO DE TERCEIRO PESSOA JURIDICA;SERVIÇO DE INFORMÁTICA;N.F/DANFE;A definir;;03/06/2025;7576;1;7.920,00;;0,00
MA - HOSP. DR. CARLOS MACIEIRA;MA - CLÍNICA DO IDOSO;53689402000101;P R SISTEMAS SOLUCOES INFORM EM SAUDE E EDUCACAO LTDA;SERVIÇO DE TERCEIRO PESSOA JURIDICA;SERVIÇO DE LOCAÇÃO DE EQUIPAMENTO;FATURA_CP;207;;03/06/2025;4092025;1;480,00;;0,00
MA - HOSP. DR. CARLOS MACIEIRA;MA - CLÍNICA DO IDOSO;32174327000176;REALIZA SERVICOS E COMERCIO LTDA (RLN SERVICOS E COMERCIO E SERVICOS LTDA);SERVIÇO DE TERCEIRO PESSOA JURIDICA;SERVIÇO DE MANUTENÇÃO PREDIAL;N.F/DANFE;136;;03/06/2025;1522;1;9.000,00;27/06/2025;8.235,00
MA - HOSP. DR. CARLOS MACIEIRA;MA - CLÍNICA DO IDOSO;34262130000114;T S DE OLIVEIRA DISTRIBUIDORA (THIAGO SABINO DE OLIVEIRA 02002658307);MATERIAL DE CONSUMO;MC - AGUA MINERAL;N.F/DANFE;159;;03/06/2025;924;1;988,00;18/06/2025;988,00
MA - HOSP. DR. CARLOS MACIEIRA;MA - CLÍNICA DO IDOSO;20401806000107;TOCANTINS SERVICOS MEDICOS LTDA;SERVIÇO DE TERCEIRO PESSOA JURIDICA;SERVIÇO DE MEDICO ASSISTÊNCIAL;N.F/DANFE;237;;03/06/2025;202500000000112;1;10.000,00;22/07/2025;9.385,00
MA - HOSP. DR. CARLOS MACIEIRA;MA - CLÍNICA DO IDOSO;00516040000190;UROCENTRO CENTRO UROLOGICO DO MARRANHAO LTDA;SERVIÇO DE TERCEIRO PESSOA JURIDICA;SERVIÇO DE MEDICO ASSISTÊNCIAL;N.F/DANFE;252;;03/06/2025;32491;1;10.000,00;22/07/2025;8.885,00
MA - HOSP. DR. CARLOS MACIEIRA;MA - CLÍNICA DO IDOSO;03256334000119;LOKCENTER COMERCIO E SERVICOS LTDA;SERVIÇO DE TERCEIRO PESSOA JURIDICA;SERVIÇO DE LOCAÇÃO DE CONTAINERS;N.F/DANFE;240;;04/06/2025;125088;1;850,00;12/08/2025;850,00
MA - HOSP. DR. CARLOS MACIEIRA;MA - CLÍNICA DO IDOSO;03278347000199;CLINIMAGEM CLINICA MEDICA E DIAGNOSTICO POR IMAGEM LTDA;SERVIÇO DE TERCEIRO PESSOA JURIDICA;SERVIÇO DE MEDICO ASSISTÊNCIAL;N.F/DANFE;268;;05/06/2025;7463;1;19.000,00;23/07/2025;16.881,50
MA - HOSP. DR. CARLOS MACIEIRA;MA - CLÍNICA DO IDOSO;17233154000479;SOBERANA SERVICOS DE REFEICAO E COMERCIO LTDA;SERVIÇO DE TERCEIRO PESSOA JURIDICA;SERVIÇO DE NUTRIÇÃO;N.F/DANFE;A definir;;05/06/2025;411;1;10.355,46;10/06/2025;10.355,46
MA - HOSP. DR. CARLOS MACIEIRA;MA - CLÍNICA DO IDOSO;20419805000181;ANGIOGRUPO VASCULAR LTDA (N N VASCULAR LTDA);SERVIÇO DE TERCEIRO PESSOA JURIDICA;SERVIÇO DE MEDICO ASSISTÊNCIAL;N.F/DANFE;271;;09/06/2025;372;1;17.430,00;22/07/2025;15.486,55
MA - HOSP. DR. CARLOS MACIEIRA;MA - CLÍNICA DO IDOSO;00883593000181;SAO LUIS GASTROCENTRO LTDA;SERVIÇO DE TERCEIRO PESSOA JURIDICA;SERVIÇO DE MEDICO ASSISTÊNCIAL;N.F/DANFE;262;;09/06/2025;6984;1;75.000,00;22/07/2025;66.637,50
MA - HOSP. DR. CARLOS MACIEIRA;MA - CLÍNICA DO IDOSO;00883593000181;SAO LUIS GASTROCENTRO LTDA;SERVIÇO DE TERCEIRO PESSOA JURIDICA;SERVIÇO DE MEDICO ASSISTÊNCIAL;N.F/DANFE;262;;09/06/2025;6985;1;9.350,00;22/07/2025;8.307,47
MA - HOSP. DR. CARLOS MACIEIRA;MA - CLÍNICA DO IDOSO;10352227000150;SUPER GAMES COMERCIAL LTDA;SERVIÇO DE TERCEIRO PESSOA JURIDICA;SERVIÇO DE ABASTECIMENTO DE COMBUSTÍVEL;N.F/DANFE;135;;11/06/2025;832;1;511,16;23/06/2025;511,16
MA - HOSP. DR. CARLOS MACIEIRA;MA - CLÍNICA DO IDOSO;20389239000102;T C GOUVEIA DERMATOESTETICA LTDA;SERVIÇO DE TERCEIRO PESSOA JURIDICA;SERVIÇO DE MEDICO ASSISTÊNCIAL;N.F/DANFE;177;;11/06/2025;1602;1;31.900,00;18/07/2025;28.343,15
MA - HOSP. DR. CARLOS MACIEIRA;MA - CLÍNICA DO IDOSO;20389239000102;T C GOUVEIA DERMATOESTETICA LTDA;SERVIÇO DE TERCEIRO PESSOA JURIDICA;SERVIÇO DE MEDICO _ENDOSCOPIA;N.F/DANFE;A definir;;11/06/2025;1604;1;22.000,00;22/07/2025;19.547,00
MA - HOSP. DR. CARLOS MACIEIRA;MA - CLÍNICA DO IDOSO;07953084000127;CENTRO DE REUMATOLOGIA E ASSOCIADOS LTDA;SERVIÇO DE TERCEIRO PESSOA JURIDICA;SERVIÇO DE MEDICO ASSISTÊNCIAL;N.F/DANFE;272;;12/06/2025;7365;1;10.000,00;22/07/2025;9.605,00
MA - HOSP. DR. CARLOS MACIEIRA;MA - CLÍNICA DO IDOSO;10445344000168;LABORATORIO CEDRO LTDA;SERVIÇO DE TERCEIRO PESSOA JURIDICA;SERVIÇO DE LABORATORIO DE ANÁLISE CLINICA;N.F/DANFE;121;;12/06/2025;38246;1;82.215,10;;0,00
MA - HOSP. DR. CARLOS MACIEIRA;MA - CLÍNICA DO IDOSO;10445344000168;LABORATORIO CEDRO LTDA;SERVIÇO DE TERCEIRO PESSOA JURIDICA;SERVIÇO DE LABORATORIO DE ANÁLISE CLINICA;N.F/DANFE;121;;12/06/2025;38247;1;18.957,35;;0,00
MA - HOSP. DR. CARLOS MACIEIRA;MA - CLÍNICA DO IDOSO;20712727000290;CRIATIVA TERCEIRIZACAO DE SERVICOS LTDA;SERVIÇO DE TERCEIRO PESSOA JURIDICA;SERVIÇO DE TRANSPORTE;N.F/DANFE;A definir;;18/06/2025;177;1;5.300,00;27/06/2025;5.300,00
MA - HOSP. DR. CARLOS MACIEIRA;MA - CLÍNICA DO IDOSO;14114663000141;NEUDSON KIO ZACHEU LAGO;SERVIÇO DE TERCEIRO PESSOA JURIDICA;SERVIÇO DE INFORMÁTICA;N.F/DANFE;A definir;;25/06/2025;28833;1;4.724,00;09/07/2025;4.724,00
MA - HOSP. DR. CARLOS MACIEIRA;MA - CLÍNICA DO IDOSO;28824776000145;SPEED TRANSPORTES LOCACOES REMOCAO E MULTISERVICOS EIRELI;SERVIÇO DE TERCEIRO PESSOA JURIDICA;SERVIÇO DE PORTARIA E CONTROLE DE ACESSO;N.F/DANFE;186;;30/06/2025;1918;1;10.900,00;12/08/2025;9.739,15
MA - HOSP. DR. CARLOS MACIEIRA;MA - CLÍNICA DO IDOSO;28824776000145;SPEED TRANSPORTES LOCACOES REMOCAO E MULTISERVICOS EIRELI;SERVIÇO DE TERCEIRO PESSOA JURIDICA;SERVIÇO DE LIMPEZA;N.F/DANFE;129;;30/06/2025;1919;1;45.000,00;12/08/2025;40.207,50
MA - HOSP. DR. CARLOS MACIEIRA;MA - CLÍNICA DO IDOSO;03254082000199;Instituto Acqua - PESSOAL_FOLHA_CLT;FOLHA DE PAGAMENTO CONSOLIDADA - PESSOAL_FOLHA_CLT;PESSOAL_FOLHA_CLT;FPAG;153;;30/03/2025;252556;1;160.426,37;05/06/2025;160.426,37
MA - HOSP. DR. CARLOS MACIEIRA;MA - CLÍNICA DO IDOSO;03254082000199;Instituto Acqua - GENERIC;FOLHA DE PAGAMENTO CONSOLIDADA - GENERIC;GENERIC;FPAG;153;;20/05/2025;252445;1;10.222,32;15/05/2025;10.222,32
MA - HOSP. DR. CARLOS MACIEIRA;MA - CLÍNICA DO IDOSO;03254082000199;Instituto Acqua - RESCISAO;FOLHA DE PAGAMENTO CONSOLIDADA - RESCISAO;RESCISAO;FPAG;201;;24/05/2025;252432;1;4.892,95;02/06/2025;4.892,95
MA - HOSP. DR. CARLOS MACIEIRA;MA - CLÍNICA DO IDOSO;03254082000199;Instituto Acqua - FOLHA_PISO_ENFERMAGEM;FOLHA DE PAGAMENTO CONSOLIDADA - FOLHA_PISO_ENFERMAGEM;FOLHA_PISO_ENFERMAGEM;FPAG;178;;30/05/2025;254938;1;14.976,14;12/06/2025;14.976,14
MA - HOSP. DR. CARLOS MACIEIRA;MA - CLÍNICA DO IDOSO;03254082000199;Instituto Acqua - ENCARGO_FOLHA;FOLHA DE PAGAMENTO CONSOLIDADA - ENCARGO_FOLHA;ENCARGO_FOLHA;FPAG;180;;30/05/2025;255100;1;17.042,41;18/06/2025;17.042,41
